date,tempHigh,tempAvg,tempLow,dewHigh,dewAvg,dewLow,humHigh,humAvg,humLow,windHigh,windAvg,windGust,presHigh,presAvg,presLow,rain
May,High,Avg,Low,High,Avg,Low,High,Avg,Low,High,Avg,Gust,High,Avg,Low,Sum
6,33.1 °C,30.1 °C,27.1 °C,26.7 °C,18.2 °C,23.9 °C,85%,62%,68%,13 kph,6 kph,23 kph,1009 hPa,1008 hPa,1007 hPa,0 mm
7,33.4 °C,29.5 °C,25.6 °C,26.1 °C,24.1 °C,22.2 °C,86%,75%,54%,14 kph,7 kph,24 kph,1010 hPa,1009 hPa,1007 hPa,0 mm
8,34.3 °C,29.3 °C,24.2 °C,25 °C,23.1 °C,20 °C,88%,72%,44%,14 kph,7 kph,23 kph,1011 hPa,1010 hPa,1008 hPa,0 mm
9,32.6 °C,28.4 °C,24.1 °C,25.6 °C,23.1 °C,20 °C,85%,74%,59%,13 kph,7 kph,21 kph,1011 hPa,1009 hPa,1007 hPa,0 mm
10,32.4 °C,28.6 °C,24.7 °C,26.1 °C,24.2 °C,21.7 °C,87%,78%,63%,14 kph,7 kph,21 kph,1011 hPa,1009 hPa,1006 hPa,0 mm
11,32.8 °C,29.3 °C,25.8 °C,26.7 °C,24.4 °C,22.8 °C,86%,76%,60%,13 kph,6 kph,19 kph,1009 hPa,1007 hPa,1005 hPa,0 mm
12,32.7 °C,29 °C,25.4 °C,26.1 °C,24.2 °C,22.2 °C,86%,75%,64%,14 kph,7 kph,24 kph,1008 hPa,1007 hPa,1005 hPa,0 mm
13,33.1 °C,29.3 °C,25.4 °C,26.7 °C,24.5 °C,22.2 °C,90%,78%,55%,19 kph,7 kph,29 kph,1010 hPa,1008 hPa,1006 hPa,0 mm
14,32.8 °C,28.4 °C,24.1 °C,26.7 °C,24.2 °C,22.2 °C,91%,77%,59%,14 kph,7 kph,21 kph,1010 hPa,1009 hPa,1007 hPa,0 mm
15,32.9 °C,29.1 °C,25.3 °C,26.7 °C,24.1 °C,22.2 °C,90%,78%,61%,16 kph,8 kph,23 kph,1009 hPa,1008 hPa,1006 hPa,0 mm
16,33.1 °C,29.2 °C,25.3 °C,27.2 °C,24.6 °C,22.2 °C,93%,79%,61%,13 kph,7 kph,21 kph,1009 hPa,1006 hPa,1004 hPa,2 mm
17,32.2 °C,28.8 °C,25.3 °C,26.1 °C,24.3 °C,22.8 °C,91%,80%,64%,13 kph,7 kph,23 kph,1009 hPa,1008 hPa,1006 hPa,0 mm
18,32.9 °C,29.1 °C,25.3 °C,26.7 °C,24.2 °C,22.8 °C,91%,82%,66%,19 kph,7 kph,29 kph,1010 hPa,1008 hPa,1007 hPa,0 mm
19,32.4 °C,28.6 °C,24.8 °C,26.7 °C,24.2 °C,22.8 °C,93%,82%,59%,11 kph,7 kph,27 kph,1009 hPa,1007 hPa,1005 hPa,15.2 mm
20,32 °C,28.3 °C,24.6 °C,26.7 °C,24.7 °C,22.8 °C,93%,83%,70%,10 kph,7 kph,18 kph,1009 hPa,1008 hPa,1006 hPa,8.1 mm
21,32.4 °C,28.8 °C,25.2 °C,27.2 °C,24.6 °C,22.8 °C,93%,84%,67%,16 kph,6 kph,29 kph,1010 hPa,1008 hPa,1006 hPa,0.5 mm
22,32.5 °C,28.7 °C,24.9 °C,26.7 °C,24.7 °C,22.2 °C,88%,81%,70%,13 kph,8 kph,26 kph,1010 hPa,1009 hPa,1007 hPa,0.3 mm
23,32.4 °C,29 °C,25.6 °C,26.7 °C,24.9 °C,23.3 °C,94%,83%,68%,13 kph,6 kph,23 kph,1011 hPa,1009 hPa,1007 hPa,2.3 mm
24,32.3 °C,28.3 °C,24.3 °C,26.7 °C,24.7 °C,23.3 °C,96%,84%,66%,13 kph,6 kph,21 kph,1011 hPa,1009 hPa,1006 hPa,51.8 mm
25,32.1 °C,28.3 °C,24.6 °C,26.7 °C,24.7 °C,23.3 °C,96%,87%,72%,19 kph,7 kph,42 kph,1013 hPa,1010 hPa,1007 hPa,122.9 mm
26,31.1 °C,27.4 °C,23.8 °C,27.2 °C,24.4 °C,22.2 °C,95%,86%,75%,14 kph,7 kph,23 kph,1011 hPa,1010 hPa,1008 hPa,0 mm
27,31.6 °C,28.2 °C,24.8 °C,26.7 °C,24.6 °C,22.2 °C,91%,82%,67%,10 kph,6 kph,16 kph,1012 hPa,1010 hPa,1009 hPa,0 mm
28,31.9 °C,28.2 °C,24.5 °C,26.7 °C,23.3 °C,21.7 °C,87%,79%,65%,11 kph,8 kph,19 kph,1012 hPa,1010 hPa,1009 hPa,0 mm
29,31.8 °C,28.2 °C,24.6 °C,26.7 °C,24.4 °C,22.2 °C,91%,82%,69%,11 kph,5 kph,18 kph,1011 hPa,1009 hPa,1008 hPa,0 mm
30,32.2 °C,28.8 °C,25.4 °C,27.2 °C,24.7 °C,23.3 °C,92%,86%,67%,11 kph,6 kph,18 kph,1010 hPa,1009 hPa,1008 hPa,1.3 mm
31,30.8 °C,27.6 °C,24.3 °C,26.7 °C,23.9 °C,22.8 °C,95%,89%,74%,14 kph,6 kph,21 kph,1011 hPa,1010 hPa,1009 hPa,30.7 mm
2016,Temperature,,,Dew Point,,,Humidity,,,Speed,,,Pressure,,,Precip. Accum.
Jun,High,Avg,Low,High,Avg,Low,High,Avg,Low,High,Avg,Gust,High,Avg,Low,Sum
1,30.7 °C,27.2 °C,23.7 °C,26.7 °C,24.5 °C,22.2 °C,93%,86%,76%,11 kph,6 kph,23 kph,1011 hPa,1010 hPa,1008 hPa,0 mm
2,31.3 °C,28.2 °C,25 °C,26.7 °C,24.6 °C,22.8 °C,93%,84%,69%,11 kph,7 kph,21 kph,1011 hPa,1009 hPa,1007 hPa,1 mm
3,31.4 °C,28.1 °C,24.7 °C,26.7 °C,24.7 °C,22.8 °C,92%,83%,69%,11 kph,6 kph,19 kph,1011 hPa,1009 hPa,1007 hPa,0 mm
4,31.9 °C,28.3 °C,24.7 °C,26.7 °C,24.8 °C,22.2 °C,90%,82%,69%,13 kph,6 kph,18 kph,1012 hPa,1010 hPa,1008 hPa,0 mm
5,31.8 °C,28.4 °C,24.9 °C,26.7 °C,24.3 °C,22.2 °C,91%,82%,66%,11 kph,7 kph,19 kph,1011 hPa,1010 hPa,1008 hPa,0 mm
6,30.3 °C,27.5 °C,24.7 °C,26.1 °C,24.2 °C,22.8 °C,93%,87%,77%,21 kph,6 kph,37 kph,1012 hPa,1010 hPa,1007 hPa,10.2 mm
7,30.6 °C,27.6 °C,24.4 °C,26.1 °C,24.4 °C,22.8 °C,92%,85%,75%,13 kph,5 kph,18 kph,1011 hPa,1010 hPa,1008 hPa,0 mm
8,30.3 °C,27.5 °C,24.7 °C,25.6 °C,24.3 °C,22.8 °C,94%,86%,72%,8 kph,5 kph,18 kph,1011 hPa,1009 hPa,1007 hPa,4.8 mm
9,29.9 °C,27.3 °C,24.6 °C,24.4 °C,23 °C,22.2 °C,90%,86%,75%,8 kph,5 kph,14 kph,1011 hPa,1010 hPa,1009 hPa,0 mm
10,31.7 °C,28.3 °C,24.9 °C,26.7 °C,24.7 °C,22.8 °C,95%,83%,67%,11 kph,5 kph,19 kph,1012 hPa,1010 hPa,1008 hPa,3.8 mm
11,31.3 °C,28 °C,24.7 °C,26.7 °C,24.9 °C,22.8 °C,93%,86%,76%,11 kph,5 kph,19 kph,1011 hPa,1010 hPa,1008 hPa,0 mm
12,31.6 °C,28.4 °C,25.2 °C,26.7 °C,24.7 °C,23.3 °C,92%,84%,70%,16 kph,5 kph,24 kph,1011 hPa,1010 hPa,1009 hPa,0.3 mm
13,31.3 °C,27.8 °C,24.3 °C,26.1 °C,24.3 °C,22.2 °C,92%,85%,66%,13 kph,6 kph,21 kph,1011 hPa,1010 hPa,1008 hPa,1.3 mm
14,31.1 °C,27.6 °C,24.1 °C,26.7 °C,24.5 °C,22.8 °C,93%,83%,70%,13 kph,6 kph,21 kph,1010 hPa,1009 hPa,1007 hPa,0 mm
15,31.6 °C,28 °C,24.4 °C,26.7 °C,24.4 °C,22.2 °C,92%,83%,64%,10 kph,6 kph,19 kph,1010 hPa,1008 hPa,1007 hPa,0 mm
16,32.5 °C,28.7 °C,24.8 °C,26.7 °C,24.7 °C,22.8 °C,93%,85%,71%,11 kph,6 kph,29 kph,1011 hPa,1008 hPa,1006 hPa,3 mm
17,31.9 °C,28.4 °C,24.8 °C,26.7 °C,24.7 °C,23.3 °C,94%,86%,68%,10 kph,5 kph,18 kph,1009 hPa,1008 hPa,1007 hPa,5.6 mm
18,32.4 °C,28.2 °C,24 °C,26.1 °C,24.4 °C,22.2 °C,92%,82%,63%,10 kph,5 kph,19 kph,1009 hPa,1007 hPa,1005 hPa,0 mm
19,32.4 °C,28.7 °C,24.9 °C,25.6 °C,24.6 °C,23.3 °C,92%,80%,64%,10 kph,5 kph,16 kph,1009 hPa,1007 hPa,1005 hPa,0 mm
20,31.6 °C,28.2 °C,24.7 °C,26.1 °C,24.4 °C,23.3 °C,96%,85%,67%,18 kph,5 kph,45 kph,1010 hPa,1008 hPa,1006 hPa,20.1 mm
21,29.9 °C,27.3 °C,24.6 °C,26.1 °C,24.4 °C,23.3 °C,94%,88%,77%,6 kph,4 kph,14 kph,1010 hPa,1008 hPa,1007 hPa,0 mm
22,30.4 °C,27.7 °C,24.9 °C,27.2 °C,24.6 °C,23.3 °C,95%,91%,80%,11 kph,5 kph,19 kph,1009 hPa,1007 hPa,1006 hPa,3.3 mm
23,30.7 °C,27.7 °C,24.8 °C,26.7 °C,24.5 °C,23.3 °C,94%,87%,75%,11 kph,6 kph,23 kph,1008 hPa,1007 hPa,1006 hPa,0.3 mm
24,30.1 °C,27.5 °C,24.9 °C,25.6 °C,24.3 °C,23.3 °C,94%,87%,75%,8 kph,4 kph,16 kph,1010 hPa,1009 hPa,1007 hPa,0 mm
25,30.7 °C,27.7 °C,24.6 °C,26.7 °C,24.3 °C,23.3 °C,95%,89%,76%,10 kph,4 kph,16 kph,1010 hPa,1009 hPa,1008 hPa,2.3 mm
26,30.4 °C,27.1 °C,23.7 °C,26.1 °C,23.8 °C,22.2 °C,93%,88%,71%,8 kph,5 kph,19 kph,1009 hPa,1008 hPa,1006 hPa,0.5 mm
27,30.5 °C,27.3 °C,24.1 °C,26.1 °C,24.3 °C,22.8 °C,95%,89%,76%,10 kph,5 kph,24 kph,1010 hPa,1008 hPa,1006 hPa,5.1 mm
28,30.8 °C,27.5 °C,24.2 °C,26.7 °C,23.9 °C,22.8 °C,95%,89%,73%,10 kph,6 kph,19 kph,1012 hPa,1010 hPa,1008 hPa,7.9 mm
29,31.2 °C,27.6 °C,23.9 °C,27.8 °C,23.7 °C,22.2 °C,95%,89%,74%,13 kph,6 kph,23 kph,1012 hPa,1010 hPa,1009 hPa,21.8 mm
30,30.9 °C,27.2 °C,23.4 °C,26.7 °C,23.9 °C,21.7 °C,95%,87%,71%,10 kph,6 kph,16 kph,1011 hPa,1009 hPa,1007 hPa,29.7 mm
2016,Temperature,,,Dew Point,,,Humidity,,,Speed,,,Pressure,,,Precip. Accum.
Jul,High,Avg,Low,High,Avg,Low,High,Avg,Low,High,Avg,Gust,High,Avg,Low,Sum
1,30.7 °C,27.7 °C,24.8 °C,27.2 °C,24.9 °C,23.3 °C,94%,89%,79%,14 kph,6 kph,21 kph,1010 hPa,1009 hPa,1007 hPa,3.8 mm
2,30.9 °C,27.6 °C,24.2 °C,26.7 °C,24.2 °C,23.3 °C,96%,89%,75%,11 kph,5 kph,19 kph,1011 hPa,1010 hPa,1008 hPa,23.9 mm
3,30.4 °C,27 °C,23.6 °C,26.1 °C,23.8 °C,22.2 °C,96%,88%,75%,10 kph,5 kph,16 kph,1011 hPa,1010 hPa,1008 hPa,0.5 mm
4,30.3 °C,27.1 °C,23.8 °C,26.1 °C,23.7 °C,22.2 °C,96%,89%,75%,10 kph,5 kph,21 kph,1009 hPa,1008 hPa,1006 hPa,96 mm
5,29.6 °C,26.6 °C,23.7 °C,26.1 °C,23.6 °C,22.8 °C,96%,90%,77%,13 kph,5 kph,24 kph,1009 hPa,1007 hPa,1006 hPa,26.9 mm
6,31.2 °C,27.3 °C,23.3 °C,25.6 °C,23.6 °C,22.2 °C,96%,88%,66%,14 kph,6 kph,26 kph,1009 hPa,1007 hPa,1006 hPa,57.7 mm
7,27.9 °C,25.6 °C,23.3 °C,25 °C,23.2 °C,21.7 °C,97%,94%,83%,16 kph,6 kph,32 kph,1008 hPa,1007 hPa,1006 hPa,118.4 mm
8,26.8 °C,25.1 °C,23.3 °C,25 °C,23.5 °C,22.2 °C,97%,95%,90%,26 kph,6 kph,43 kph,1008 hPa,1006 hPa,1004 hPa,196.6 mm
9,28.4 °C,25.8 °C,23.2 °C,25 °C,23.7 °C,22.2 °C,97%,93%,83%,16 kph,5 kph,19 kph,1009 hPa,1008 hPa,1006 hPa,89.2 mm
10,29.4 °C,26.8 °C,24.2 °C,26.1 °C,24.2 °C,22.8 °C,96%,88%,76%,13 kph,5 kph,27 kph,1010 hPa,1008 hPa,1006 hPa,3.3 mm
11,30.3 °C,27.2 °C,24.1 °C,26.1 °C,24.3 °C,22.8 °C,95%,88%,75%,13 kph,5 kph,24 kph,1010 hPa,1009 hPa,1008 hPa,13.2 mm
12,31.3 °C,27.6 °C,23.8 °C,26.7 °C,24.4 °C,21.7 °C,93%,84%,73%,8 kph,5 kph,16 kph,1010 hPa,1009 hPa,1008 hPa,0 mm
13,30.8 °C,27.3 °C,23.9 °C,26.1 °C,24.4 °C,21.7 °C,91%,85%,74%,8 kph,5 kph,16 kph,1010 hPa,1008 hPa,1006 hPa,0 mm
14,29.4 °C,26.8 °C,24.1 °C,26.1 °C,24.3 °C,22.2 °C,94%,88%,81%,8 kph,5 kph,14 kph,1010 hPa,1008 hPa,1007 hPa,0 mm
15,30.9 °C,27.4 °C,23.9 °C,27.2 °C,24.8 °C,22.8 °C,94%,88%,77%,8 kph,6 kph,19 kph,1010 hPa,1008 hPa,1006 hPa,2 mm
16,31.5 °C,28.2 °C,24.9 °C,26.7 °C,24.8 °C,23.3 °C,93%,85%,70%,10 kph,5 kph,16 kph,1011 hPa,1009 hPa,1008 hPa,0 mm
17,31.6 °C,28 °C,24.4 °C,26.7 °C,24.2 °C,22.8 °C,92%,86%,73%,10 kph,6 kph,19 kph,1011 hPa,1009 hPa,1008 hPa,0.5 mm
18,31.3 °C,27.4 °C,23.4 °C,26.1 °C,23.7 °C,21.7 °C,92%,82%,69%,10 kph,5 kph,16 kph,1010 hPa,1008 hPa,1007 hPa,0 mm
19,30.9 °C,27.4 °C,23.8 °C,25.6 °C,23.7 °C,21.7 °C,92%,81%,69%,8 kph,4 kph,16 kph,1011 hPa,1009 hPa,1007 hPa,0.3 mm
20,31.3 °C,27.7 °C,24.2 °C,26.1 °C,24.1 °C,22.2 °C,94%,86%,70%,13 kph,5 kph,27 kph,1010 hPa,1009 hPa,1007 hPa,2.8 mm
21,31.5 °C,27.6 °C,23.7 °C,26.1 °C,24.2 °C,22.2 °C,94%,83%,68%,11 kph,6 kph,18 kph,1010 hPa,1009 hPa,1008 hPa,0 mm
22,31.6 °C,27.9 °C,24.2 °C,26.7 °C,24.2 °C,22.2 °C,93%,85%,65%,10 kph,6 kph,18 kph,1010 hPa,1009 hPa,1007 hPa,29.5 mm
23,31.7 °C,28.2 °C,24.6 °C,26.7 °C,24.3 °C,23.3 °C,94%,87%,72%,11 kph,6 kph,19 kph,1009 hPa,1008 hPa,1006 hPa,0.8 mm
24,31.4 °C,27.7 °C,24.1 °C,26.7 °C,24.4 °C,22.2 °C,93%,86%,74%,10 kph,5 kph,16 kph,1009 hPa,1007 hPa,1005 hPa,0 mm
25,31.6 °C,27.9 °C,24.1 °C,26.7 °C,24.6 °C,22.2 °C,92%,83%,69%,8 kph,5 kph,16 kph,1009 hPa,1008 hPa,1006 hPa,0 mm
26,31.4 °C,27.9 °C,24.4 °C,26.7 °C,23.9 °C,22.2 °C,92%,85%,66%,11 kph,6 kph,18 kph,1010 hPa,1008 hPa,1006 hPa,2.3 mm
27,31.6 °C,27.7 °C,23.8 °C,27.2 °C,24.4 °C,22.2 °C,92%,85%,74%,11 kph,7 kph,19 kph,1009 hPa,1008 hPa,1007 hPa,0 mm
28,31.4 °C,28 °C,24.6 °C,26.7 °C,24.8 °C,22.8 °C,92%,84%,70%,10 kph,5 kph,19 kph,1010 hPa,1008 hPa,1006 hPa,0 mm
29,30.6 °C,27.7 °C,24.7 °C,26.7 °C,24.4 °C,22.2 °C,93%,86%,77%,8 kph,5 kph,16 kph,1008 hPa,1007 hPa,1006 hPa,2 mm
30,30.8 °C,27.7 °C,24.5 °C,26.7 °C,24.4 °C,22.8 °C,95%,90%,78%,10 kph,4 kph,27 kph,1007 hPa,1005 hPa,1003 hPa,14.7 mm
31,27.2 °C,25.5 °C,23.8 °C,25 °C,23.8 °C,22.8 °C,97%,95%,90%,10 kph,5 kph,23 kph,1007 hPa,1004 hPa,1002 hPa,110.5 mm
2016,Temperature,,,Dew Point,,,Humidity,,,Speed,,,Pressure,,,Precip. Accum.
Aug,High,Avg,Low,High,Avg,Low,High,Avg,Low,High,Avg,Gust,High,Avg,Low,Sum
1,29.2 °C,26.4 °C,23.7 °C,25.6 °C,23.8 °C,22.8 °C,96%,92%,81%,11 kph,4 kph,19 kph,1008 hPa,1006 hPa,1004 hPa,15.7 mm
2,28.3 °C,26.2 °C,24.1 °C,25 °C,23.6 °C,22.8 °C,96%,92%,79%,10 kph,5 kph,27 kph,1008 hPa,1007 hPa,1005 hPa,40.9 mm
3,30.9 °C,27.2 °C,23.4 °C,26.7 °C,23.8 °C,21.7 °C,93%,88%,74%,10 kph,6 kph,18 kph,1010 hPa,1008 hPa,1006 hPa,1 mm
4,30.8 °C,27.2 °C,23.6 °C,26.7 °C,24.2 °C,21.7 °C,94%,85%,74%,11 kph,6 kph,18 kph,1010 hPa,1008 hPa,1006 hPa,4.6 mm
5,30.8 °C,27.1 °C,23.2 °C,27.2 °C,24.2 °C,21.7 °C,96%,89%,78%,18 kph,6 kph,34 kph,1009 hPa,1007 hPa,1006 hPa,94.5 mm
6,29.7 °C,26.8 °C,23.9 °C,26.7 °C,24.1 °C,22.8 °C,96%,91%,80%,11 kph,4 kph,21 kph,1008 hPa,1006 hPa,1005 hPa,27.4 mm
7,26.3 °C,25.1 °C,23.9 °C,25 °C,23.6 °C,22.8 °C,97%,95%,93%,16 kph,5 kph,29 kph,1009 hPa,1007 hPa,1005 hPa,126.7 mm
8,29.2 °C,26.9 °C,24.7 °C,26.1 °C,24.7 °C,23.3 °C,95%,89%,82%,19 kph,11 kph,50 kph,1008 hPa,1006 hPa,1005 hPa,63.8 mm
9,26.6 °C,25.1 °C,23.6 °C,25.6 °C,23.6 °C,22.8 °C,97%,95%,90%,19 kph,6 kph,37 kph,1007 hPa,1006 hPa,1004 hPa,103.6 mm
10,24.9 °C,24.2 °C,23.4 °C,23.9 °C,23.3 °C,22.2 °C,97%,96%,93%,16 kph,5 kph,31 kph,1007 hPa,1006 hPa,1005 hPa,159.8 mm
11,26.1 °C,25.1 °C,24.2 °C,25 °C,24.1 °C,23.3 °C,97%,96%,94%,11 kph,5 kph,23 kph,1009 hPa,1007 hPa,1005 hPa,96.5 mm
12,28.1 °C,25.8 °C,23.4 °C,26.1 °C,24.1 °C,22.2 °C,97%,95%,89%,16 kph,5 kph,45 kph,1009 hPa,1007 hPa,1006 hPa,65.5 mm
13,29.2 °C,27.2 °C,25.3 °C,26.7 °C,25.6 °C,23.9 °C,96%,90%,86%,14 kph,8 kph,39 kph,1007 hPa,1006 hPa,1004 hPa,30.7 mm
14,29.1 °C,27.4 °C,25.7 °C,26.1 °C,25.8 °C,24.4 °C,95%,89%,85%,14 kph,7 kph,27 kph,1007 hPa,1005 hPa,1004 hPa,25.1 mm
15,29.1 °C,27.4 °C,25.7 °C,26.7 °C,25.6 °C,24.4 °C,95%,91%,86%,11 kph,5 kph,23 kph,1007 hPa,1006 hPa,1004 hPa,23.9 mm
16,29.4 °C,27.6 °C,25.8 °C,26.7 °C,25.7 °C,24.4 °C,96%,90%,85%,10 kph,5 kph,29 kph,1008 hPa,1006 hPa,1005 hPa,10.4 mm
17,30 °C,27.7 °C,25.5 °C,26.1 °C,25.2 °C,23.9 °C,94%,90%,82%,13 kph,4 kph,21 kph,1008 hPa,1006 hPa,1005 hPa,13.7 mm
18,30.3 °C,27.7 °C,25.1 °C,27.2 °C,25 °C,23.3 °C,94%,90%,79%,8 kph,5 kph,16 kph,1007 hPa,1006 hPa,1005 hPa,11.4 mm
19,31 °C,27.6 °C,24.2 °C,26.7 °C,24.7 °C,22.8 °C,95%,86%,71%,8 kph,5 kph,14 kph,1008 hPa,1006 hPa,1005 hPa,5.6 mm
20,29.7 °C,26.9 °C,24.1 °C,26.7 °C,24.6 °C,22.8 °C,97%,94%,86%,23 kph,7 kph,37 kph,1007 hPa,1005 hPa,1004 hPa,118.4 mm
21,28.2 °C,26.2 °C,24.2 °C,25.6 °C,24.2 °C,23.3 °C,97%,93%,85%,10 kph,4 kph,19 kph,1005 hPa,1003 hPa,1001 hPa,51.1 mm
22,28.4 °C,26.4 °C,24.4 °C,25.6 °C,24.2 °C,23.3 °C,96%,93%,85%,14 kph,6 kph,29 kph,1006 hPa,1004 hPa,1002 hPa,35.1 mm
23,28.1 °C,26.3 °C,24.5 °C,25.6 °C,24.6 °C,23.3 °C,96%,93%,87%,8 kph,5 kph,18 kph,1006 hPa,1004 hPa,1003 hPa,41.7 mm
24,28.7 °C,26.4 °C,24.3 °C,26.1 °C,24.8 °C,23.3 °C,96%,93%,87%,16 kph,5 kph,45 kph,1008 hPa,1006 hPa,1004 hPa,38.9 mm
25,29.8 °C,27 °C,24.2 °C,26.7 °C,24.8 °C,23.3 °C,96%,92%,80%,11 kph,4 kph,21 kph,1009 hPa,1007 hPa,1005 hPa,4.3 mm
26,30.6 °C,27.9 °C,25.2 °C,27.2 °C,25.3 °C,23.9 °C,96%,90%,81%,10 kph,5 kph,23 kph,1011 hPa,1009 hPa,1007 hPa,24.9 mm
27,25.9 °C,25.1 °C,24.2 °C,25 °C,23.8 °C,22.8 °C,97%,95%,93%,16 kph,6 kph,24 kph,1011 hPa,1010 hPa,1009 hPa,151.4 mm
28,30.4 °C,27.2 °C,24 °C,26.1 °C,24.4 °C,22.8 °C,96%,89%,78%,13 kph,5 kph,21 kph,1011 hPa,1009 hPa,1008 hPa,8.9 mm
29,30.8 °C,27.7 °C,24.4 °C,26.1 °C,24.4 °C,22.8 °C,93%,86%,75%,8 kph,4 kph,14 kph,1011 hPa,1010 hPa,1008 hPa,0 mm
30,31 °C,27.4 °C,23.9 °C,26.1 °C,24.3 °C,22.2 °C,93%,85%,67%,8 kph,5 kph,16 kph,1012 hPa,1010 hPa,1008 hPa,0 mm
31,30.3 °C,27.1 °C,23.9 °C,25.6 °C,24 °C,22.2 °C,93%,85%,72%,10 kph,5 kph,16 kph,1012 hPa,1011 hPa,1009 hPa,0 mm
2016,Temperature,,,Dew Point,,,Humidity,,,Speed,,,Pressure,,,Precip. Accum.
Sep,High,Avg,Low,High,Avg,Low,High,Avg,Low,High,Avg,Gust,High,Avg,Low,Sum
1,30.2 °C,26.9 °C,23.6 °C,25 °C,22.9 °C,21.1 °C,91%,84%,72%,10 kph,6 kph,18 kph,1011 hPa,1009 hPa,1007 hPa,0 mm
2,31.5 °C,27.2 °C,22.8 °C,25.6 °C,22.9 °C,20.6 °C,90%,80%,64%,10 kph,6 kph,16 kph,1010 hPa,1008 hPa,1006 hPa,0 mm
3,30.8 °C,27.3 °C,23.8 °C,26.1 °C,23.6 °C,21.7 °C,95%,87%,73%,14 kph,6 kph,19 kph,1010 hPa,1009 hPa,1007 hPa,15.7 mm
4,30.9 °C,27.7 °C,24.4 °C,26.7 °C,24 °C,22.8 °C,94%,90%,78%,13 kph,6 kph,29 kph,1010 hPa,1009 hPa,1007 hPa,29.2 mm
5,31.2 °C,28.1 °C,24.9 °C,26.7 °C,24.9 °C,23.3 °C,94%,86%,75%,13 kph,5 kph,24 kph,1012 hPa,1010 hPa,1008 hPa,0 mm
6,30.6 °C,27.4 °C,24.2 °C,25.6 °C,24.1 °C,22.8 °C,93%,86%,73%,11 kph,5 kph,19 kph,1012 hPa,1011 hPa,1009 hPa,4.1 mm
7,30.1 °C,26.8 °C,23.7 °C,26.7 °C,23.7 °C,22.2 °C,93%,87%,78%,16 kph,8 kph,27 kph,1011 hPa,1010 hPa,1008 hPa,0 mm
8,30.1 °C,27 °C,24 °C,26.1 °C,24.2 °C,22.8 °C,95%,90%,76%,10 kph,5 kph,19 kph,1011 hPa,1010 hPa,1008 hPa,13.5 mm
9,29.9 °C,26.9 °C,23.9 °C,26.1 °C,23.9 °C,22.8 °C,96%,91%,79%,8 kph,4 kph,16 kph,1010 hPa,1008 hPa,1006 hPa,55.6 mm
10,30.2 °C,27.1 °C,23.9 °C,26.1 °C,24.2 °C,22.8 °C,96%,92%,80%,11 kph,5 kph,18 kph,1009 hPa,1007 hPa,1005 hPa,50 mm
11,30.5 °C,27.4 °C,24.3 °C,26.7 °C,24.5 °C,22.8 °C,95%,90%,78%,11 kph,5 kph,19 kph,1010 hPa,1008 hPa,1005 hPa,41.9 mm
12,30 °C,27.3 °C,24.5 °C,26.7 °C,23.9 °C,22.8 °C,94%,89%,77%,13 kph,6 kph,23 kph,1011 hPa,1009 hPa,1007 hPa,3.6 mm
13,27.8 °C,25.8 °C,23.9 °C,25.6 °C,23.6 °C,22.8 °C,96%,93%,88%,11 kph,5 kph,26 kph,1011 hPa,1009 hPa,1006 hPa,79.2 mm
14,29.6 °C,26.7 °C,23.8 °C,25.6 °C,23.8 °C,22.8 °C,97%,92%,78%,16 kph,5 kph,29 kph,1010 hPa,1009 hPa,1007 hPa,37.6 mm
15,30.2 °C,26.9 °C,23.6 °C,26.1 °C,23.9 °C,22.2 °C,96%,91%,76%,18 kph,6 kph,26 kph,1008 hPa,1007 hPa,1005 hPa,76.2 mm
16,28.2 °C,26 °C,23.8 °C,26.1 °C,24.2 °C,22.8 °C,97%,94%,87%,10 kph,4 kph,23 kph,1008 hPa,1006 hPa,1004 hPa,45 mm
17,30.3 °C,27.3 °C,24.3 °C,26.1 °C,24.3 °C,22.8 °C,96%,91%,78%,11 kph,5 kph,35 kph,1009 hPa,1007 hPa,1005 hPa,4.3 mm
18,29.6 °C,26.8 °C,24.1 °C,26.1 °C,24.1 °C,22.8 °C,95%,91%,82%,11 kph,5 kph,21 kph,1009 hPa,1007 hPa,1006 hPa,29.7 mm
19,29.6 °C,27 °C,24.4 °C,26.1 °C,24.6 °C,23.3 °C,95%,90%,82%,10 kph,4 kph,18 kph,1008 hPa,1007 hPa,1005 hPa,0 mm
20,29.9 °C,26.7 °C,23.6 °C,26.1 °C,23.9 °C,22.2 °C,95%,90%,79%,10 kph,5 kph,16 kph,1010 hPa,1008 hPa,1006 hPa,14.5 mm
21,28.8 °C,26.3 °C,23.8 °C,25.6 °C,24.1 °C,22.2 °C,95%,91%,80%,6 kph,4 kph,13 kph,1011 hPa,1010 hPa,1008 hPa,1.8 mm
22,29.7 °C,27.1 °C,24.4 °C,27.2 °C,24.5 °C,22.8 °C,95%,91%,85%,11 kph,6 kph,18 kph,1010 hPa,1009 hPa,1007 hPa,0 mm
23,29.9 °C,26.2 °C,24.3 °C,26.1 °C,24.2 °C,22.8 °C,95%,91%,80%,11 kph,5 kph,19 kph,1010 hPa,1008 hPa,1006 hPa,2.3 mm
24,29.8 °C,26.6 °C,23.7 °C,26.7 °C,24.6 °C,22.8 °C,96%,91%,81%,10 kph,4 kph,18 kph,1008 hPa,1006 hPa,1004 hPa,8.9 mm
25,29.9 °C,26.3 °C,24.4 °C,26.7 °C,24.6 °C,23.3 °C,96%,92%,84%,11 kph,5 kph,19 kph,1007 hPa,1005 hPa,1003 hPa,12.4 mm
26,30.2 °C,25.6 °C,23.8 °C,25.6 °C,23.8 °C,22.8 °C,96%,91%,77%,10 kph,5 kph,24 kph,1008 hPa,1006 hPa,1004 hPa,49.5 mm
27,27.4 °C,25.4 °C,23.8 °C,25.6 °C,23.9 °C,22.8 °C,96%,93%,87%,14 kph,6 kph,27 kph,1008 hPa,1006 hPa,1005 hPa,61.7 mm
28,25.9 °C,24.4 °C,23.2 °C,25 °C,23.4 °C,22.2 °C,97%,96%,94%,16 kph,5 kph,32 kph,1010 hPa,1008 hPa,1006 hPa,95 mm
29,29.7 °C,25.1 °C,23.3 °C,25.6 °C,23.4 °C,22.2 °C,97%,92%,76%,13 kph,5 kph,31 kph,1011 hPa,1009 hPa,1007 hPa,2.8 mm
30,31.1 °C,26.9 °C,23.6 °C,25 °C,23.7 °C,22.8 °C,96%,85%,65%,6 kph,4 kph,14 kph,1010 hPa,1008 hPa,1006 hPa,1.5 mm
2016,Temperature,,,Dew Point,,,Humidity,,,Speed,,,Pressure,,,Precip. Accum.
Oct,High,Avg,Low,High,Avg,Low,High,Avg,Low,High,Avg,Gust,High,Avg,Low,Sum
1,30.2 °C,26.8 °C,23.4 °C,25.6 °C,23.9 °C,22.2 °C,93%,86%,75%,10 kph,5 kph,16 kph,1010 hPa,1009 hPa,1007 hPa,0 mm
2,29.9 °C,26.7 °C,23.5 °C,26.1 °C,24.2 °C,21.7 °C,94%,88%,78%,10 kph,6 kph,18 kph,1010 hPa,1008 hPa,1006 hPa,3.3 mm
3,28.6 °C,25.9 °C,24.1 °C,25.6 °C,24.2 °C,22.8 °C,96%,92%,85%,10 kph,4 kph,24 kph,1010 hPa,1008 hPa,1006 hPa,40.9 mm
4,28.9 °C,25.8 °C,24.1 °C,26.1 °C,24.2 °C,22.8 °C,96%,92%,84%,10 kph,4 kph,19 kph,1009 hPa,1007 hPa,1005 hPa,24.9 mm
5,28.7 °C,24.9 °C,23.7 °C,26.1 °C,23.6 °C,22.8 °C,97%,94%,86%,11 kph,4 kph,23 kph,1007 hPa,1006 hPa,1004 hPa,113.3 mm
6,27.7 °C,25.1 °C,23 °C,25.6 °C,23.8 °C,22.2 °C,97%,94%,88%,11 kph,5 kph,24 kph,1009 hPa,1007 hPa,1005 hPa,36.1 mm
7,27.5 °C,25.1 °C,23.9 °C,26.1 °C,24.1 °C,22.8 °C,97%,96%,92%,14 kph,4 kph,27 kph,1011 hPa,1009 hPa,1007 hPa,101.1 mm
8,29.6 °C,26.4 °C,24.3 °C,26.1 °C,24.4 °C,22.8 °C,96%,90%,82%,10 kph,4 kph,16 kph,1012 hPa,1010 hPa,1008 hPa,0 mm
9,29.6 °C,26.9 °C,24.4 °C,26.1 °C,24.6 °C,23.3 °C,94%,89%,80%,6 kph,3 kph,14 kph,1010 hPa,1008 hPa,1007 hPa,0 mm
10,30.6 °C,26.9 °C,24.4 °C,25.6 °C,24.4 °C,23.3 °C,96%,88%,73%,10 kph,3 kph,18 kph,1010 hPa,1008 hPa,1006 hPa,0.3 mm
11,29.6 °C,26.1 °C,24.2 °C,26.7 °C,24.3 °C,22.8 °C,96%,92%,82%,10 kph,4 kph,21 kph,1010 hPa,1008 hPa,1006 hPa,7.6 mm
12,29.2 °C,25.7 °C,23.8 °C,26.1 °C,23.9 °C,22.8 °C,96%,92%,83%,11 kph,5 kph,21 kph,1009 hPa,1008 hPa,1006 hPa,1.5 mm
13,29.1 °C,26.1 °C,23.6 °C,26.1 °C,24.2 °C,22.2 °C,95%,91%,83%,10 kph,4 kph,16 kph,1009 hPa,1007 hPa,1005 hPa,1.5 mm
14,29.8 °C,26.3 °C,23.6 °C,25.6 °C,24.1 °C,22.2 °C,95%,89%,78%,8 kph,5 kph,14 kph,1008 hPa,1006 hPa,1004 hPa,0 mm
15,29 °C,26.7 °C,23.9 °C,26.1 °C,24.7 °C,22.8 °C,95%,91%,84%,18 kph,6 kph,29 kph,1007 hPa,1005 hPa,1003 hPa,10.9 mm
16,28.2 °C,26.5 °C,24.2 °C,26.1 °C,24.7 °C,23.3 °C,96%,91%,86%,24 kph,12 kph,55 kph,1007 hPa,1004 hPa,1001 hPa,84.1 mm
17,30.7 °C,27.1 °C,24.3 °C,26.7 °C,24.7 °C,23.3 °C,96%,88%,75%,10 kph,4 kph,19 kph,1008 hPa,1006 hPa,1005 hPa,6.3 mm
18,30.1 °C,26.6 °C,23 °C,26.1 °C,24.1 °C,21.7 °C,93%,87%,79%,8 kph,5 kph,16 kph,1009 hPa,1007 hPa,1005 hPa,0 mm
19,28.7 °C,26.3 °C,23.9 °C,26.1 °C,24.4 °C,22.2 °C,93%,90%,86%,13 kph,5 kph,29 kph,1008 hPa,1004 hPa,1001 hPa,6.1 mm
20,27.9 °C,26 °C,24.7 °C,25.6 °C,24.3 °C,23.3 °C,95%,92%,87%,18 kph,7 kph,32 kph,1007 hPa,1005 hPa,1002 hPa,56.6 mm
21,30.1 °C,26.7 °C,24.3 °C,26.7 °C,24.5 °C,22.8 °C,94%,89%,80%,10 kph,5 kph,19 kph,1010 hPa,1008 hPa,1006 hPa,2.5 mm
22,29.7 °C,26.4 °C,23.6 °C,26.7 °C,24.2 °C,22.2 °C,93%,89%,80%,8 kph,5 kph,16 kph,1010 hPa,1008 hPa,1007 hPa,19.6 mm
23,30.1 °C,26.7 °C,23.5 °C,26.7 °C,24.2 °C,21.7 °C,92%,88%,80%,11 kph,6 kph,19 kph,1010 hPa,1008 hPa,1007 hPa,0 mm
24,30.6 °C,26.9 °C,23.6 °C,27.2 °C,24.6 °C,22.2 °C,92%,88%,78%,10 kph,5 kph,18 kph,1010 hPa,1008 hPa,1007 hPa,0 mm
25,31.2 °C,27.1 °C,22.3 °C,26.1 °C,23.6 °C,20.6 °C,93%,83%,63%,8 kph,4 kph,14 kph,1010 hPa,1009 hPa,1007 hPa,0 mm
26,31.4 °C,27.7 °C,23.9 °C,27.2 °C,24.8 °C,22.2 °C,92%,86%,77%,10 kph,4 kph,18 kph,1012 hPa,1010 hPa,1007 hPa,0 mm
27,29.2 °C,25.7 °C,22.8 °C,26.1 °C,23.7 °C,21.1 °C,92%,90%,84%,10 kph,4 kph,27 kph,1012 hPa,1010 hPa,1007 hPa,8.4 mm
28,31.1 °C,26.7 °C,23.1 °C,26.1 °C,24.1 °C,21.7 °C,93%,87%,73%,10 kph,4 kph,16 kph,1011 hPa,1009 hPa,1006 hPa,2 mm
29,30.7 °C,26.7 °C,24.3 °C,26.7 °C,24.2 °C,22.8 °C,92%,88%,74%,8 kph,4 kph,19 kph,1011 hPa,1008 hPa,1006 hPa,8.4 mm
30,30.4 °C,26.5 °C,23.6 °C,26.7 °C,24.1 °C,22.2 °C,93%,88%,76%,6 kph,4 kph,14 kph,1012 hPa,1009 hPa,1007 hPa,1.3 mm
31,31.2 °C,26.8 °C,23.7 °C,25.6 °C,23.8 °C,22.2 °C,93%,86%,68%,8 kph,4 kph,14 kph,1011 hPa,1009 hPa,1007 hPa,0.3 mm
2016,Temperature,,,Dew Point,,,Humidity,,,Speed,,,Pressure,,,Precip. Accum.
Nov,High,Avg,Low,High,Avg,Low,High,Avg,Low,High,Avg,Gust,High,Avg,Low,Sum
1,27.9 °C,25.4 °C,23.7 °C,25 °C,23.2 °C,22.2 °C,93%,89%,75%,8 kph,3 kph,18 kph,1009 hPa,1007 hPa,1005 hPa,1.5 mm
2,28.4 °C,25.2 °C,23.1 °C,25.6 °C,23.2 °C,21.7 °C,93%,90%,84%,5 kph,3 kph,13 kph,1009 hPa,1006 hPa,1004 hPa,6.6 mm
3,25.8 °C,24.6 °C,23.5 °C,23.9 °C,22.9 °C,22.2 °C,93%,93%,91%,6 kph,2 kph,10 kph,1010 hPa,1008 hPa,1006 hPa,13.2 mm
4,27.6 °C,25.1 °C,23.4 °C,25 °C,23.3 °C,21.7 °C,93%,91%,87%,6 kph,3 kph,10 kph,1009 hPa,1008 hPa,1007 hPa,4.6 mm
5,30.3 °C,26.3 °C,22.9 °C,26.1 °C,23.9 °C,21.7 °C,94%,88%,79%,13 kph,4 kph,19 kph,1010 hPa,1009 hPa,1007 hPa,0 mm
6,30.1 °C,26.2 °C,22.9 °C,26.1 °C,23.6 °C,21.1 °C,92%,87%,76%,8 kph,4 kph,16 kph,1012 hPa,1011 hPa,1009 hPa,0 mm
7,30.2 °C,25.8 °C,23 °C,25 °C,22.8 °C,21.1 °C,92%,86%,71%,6 kph,3 kph,13 kph,1013 hPa,1011 hPa,1009 hPa,0 mm
8,30.2 °C,25.8 °C,21.4 °C,23.9 °C,21.9 °C,19.4 °C,92%,81%,64%,10 kph,4 kph,16 kph,1013 hPa,1011 hPa,1010 hPa,0 mm
9,30.5 °C,25.1 °C,20.3 °C,22.8 °C,20.7 °C,18.3 °C,92%,79%,58%,8 kph,4 kph,16 kph,1012 hPa,1011 hPa,1009 hPa,0 mm
10,29.8 °C,25.6 °C,20.8 °C,23.9 °C,21.7 °C,19.4 °C,92%,81%,64%,11 kph,5 kph,18 kph,1013 hPa,1011 hPa,1009 hPa,0 mm
11,30.4 °C,26.2 °C,22.2 °C,25 °C,22.9 °C,20.6 °C,91%,84%,73%,6 kph,3 kph,16 kph,1012 hPa,1010 hPa,1008 hPa,0 mm
12,30.7 °C,26.4 °C,22.7 °C,25.6 °C,23.2 °C,21.1 °C,92%,84%,68%,10 kph,5 kph,16 kph,1012 hPa,1011 hPa,1009 hPa,0 mm
13,31.6 °C,26.4 °C,22.7 °C,25.6 °C,23.3 °C,21.1 °C,92%,85%,69%,8 kph,4 kph,16 kph,1012 hPa,1010 hPa,1008 hPa,0 mm
14,31.9 °C,26.8 °C,22.7 °C,26.1 °C,23.7 °C,21.1 °C,92%,85%,72%,6 kph,3 kph,13 kph,1010 hPa,1008 hPa,1006 hPa,0 mm
15,30 °C,25.8 °C,24.2 °C,26.7 °C,23.9 °C,22.8 °C,94%,91%,84%,5 kph,3 kph,13 kph,1010 hPa,1008 hPa,1006 hPa,22.1 mm
16,30.3 °C,27.1 °C,23.8 °C,26.7 °C,24.4 °C,22.2 °C,92%,87%,79%,10 kph,5 kph,18 kph,1010 hPa,1009 hPa,1007 hPa,0 mm
17,32.4 °C,27.1 °C,23.4 °C,26.7 °C,24.1 °C,21.7 °C,93%,86%,67%,13 kph,5 kph,19 kph,1010 hPa,1009 hPa,1007 hPa,4.1 mm
18,31.4 °C,27.6 °C,23.7 °C,26.1 °C,24.2 °C,22.2 °C,93%,86%,71%,8 kph,4 kph,16 kph,1009 hPa,1007 hPa,1005 hPa,0.3 mm
19,29.3 °C,26.7 °C,24.1 °C,25.6 °C,23.7 °C,22.2 °C,92%,90%,82%,8 kph,4 kph,19 kph,1009 hPa,1007 hPa,1006 hPa,3.8 mm
20,31.1 °C,27.2 °C,23.3 °C,26.7 °C,24.3 °C,21.7 °C,92%,86%,75%,11 kph,6 kph,21 kph,1009 hPa,1008 hPa,1007 hPa,0 mm
21,31.1 °C,26.9 °C,22.7 °C,26.1 °C,23.4 °C,21.1 °C,92%,84%,70%,11 kph,5 kph,19 kph,1010 hPa,1008 hPa,1006 hPa,0 mm
22,31.4 °C,26.7 °C,22.1 °C,25 °C,22.9 °C,20 °C,92%,84%,68%,8 kph,5 kph,16 kph,1010 hPa,1008 hPa,1006 hPa,0 mm
23,31.8 °C,27.1 °C,22.3 °C,25.6 °C,22.9 °C,20.6 °C,93%,81%,64%,8 kph,5 kph,16 kph,1010 hPa,1008 hPa,1006 hPa,0 mm
24,30.3 °C,25.4 °C,20.6 °C,23.9 °C,21.2 °C,18.9 °C,91%,83%,66%,6 kph,3 kph,13 kph,1010 hPa,1007 hPa,1005 hPa,0 mm
25,25.7 °C,24.2 °C,22.7 °C,23.9 °C,22.3 °C,21.1 °C,94%,92%,89%,5 kph,2 kph,10 kph,1007 hPa,1005 hPa,1002 hPa,20.6 mm
26,30 °C,26.8 °C,23.7 °C,26.1 °C,23.9 °C,22.2 °C,94%,89%,78%,11 kph,4 kph,26 kph,1008 hPa,1006 hPa,1004 hPa,8.1 mm
27,30.4 °C,26.7 °C,22.9 °C,27.2 °C,23.8 °C,21.1 °C,92%,86%,75%,11 kph,5 kph,19 kph,1009 hPa,1008 hPa,1007 hPa,0 mm
28,30.8 °C,26.7 °C,22.6 °C,25 °C,22.9 °C,20.6 °C,91%,80%,68%,8 kph,5 kph,14 kph,1011 hPa,1009 hPa,1007 hPa,0 mm
29,32.2 °C,27.7 °C,23.3 °C,26.7 °C,23.7 °C,21.7 °C,92%,82%,60%,13 kph,5 kph,24 kph,1012 hPa,1011 hPa,1009 hPa,0 mm
30,31.9 °C,27.3 °C,22.6 °C,25 °C,23.2 °C,21.1 °C,93%,82%,60%,11 kph,5 kph,18 kph,1012 hPa,1010 hPa,1009 hPa,0.3 mm
2016,Temperature,,,Dew Point,,,Humidity,,,Speed,,,Pressure,,,Precip. Accum.
Dec,High,Avg,Low,High,Avg,Low,High,Avg,Low,High,Avg,Gust,High,Avg,Low,Sum
1,32.2 °C,27.6 °C,22.9 °C,26.1 °C,23.6 °C,21.1 °C,92%,84%,67%,13 kph,4 kph,19 kph,1012 hPa,1010 hPa,1008 hPa,0 mm
2,32.9 °C,27.7 °C,22.4 °C,25 °C,23 °C,20.6 °C,92%,80%,61%,10 kph,3 kph,18 kph,1012 hPa,1010 hPa,1008 hPa,0 mm
3,32.9 °C,27.8 °C,22.7 °C,25 °C,22.9 °C,20.6 °C,91%,79%,59%,8 kph,4 kph,16 kph,1012 hPa,1010 hPa,1008 hPa,0 mm
4,31.8 °C,27.8 °C,23.8 °C,25 °C,23.1 °C,21.7 °C,91%,80%,59%,10 kph,4 kph,14 kph,1011 hPa,1009 hPa,1007 hPa,0 mm
5,31.5 °C,27.3 °C,23.2 °C,25.6 °C,23.3 °C,21.1 °C,91%,82%,68%,11 kph,5 kph,18 kph,1011 hPa,1009 hPa,1007 hPa,0 mm
6,32.3 °C,27.9 °C,23.5 °C,25.6 °C,23.1 °C,21.7 °C,92%,78%,59%,10 kph,4 kph,16 kph,1010 hPa,1008 hPa,1006 hPa,0.8 mm
7,31.2 °C,27.3 °C,23.4 °C,26.1 °C,23.9 °C,21.7 °C,92%,85%,71%,13 kph,4 kph,21 kph,1009 hPa,1007 hPa,1005 hPa,0.3 mm
8,31.4 °C,27.7 °C,24.1 °C,26.1 °C,23.9 °C,22.2 °C,92%,84%,69%,10 kph,4 kph,18 kph,1007 hPa,1005 hPa,1003 hPa,5.1 mm
9,30.7 °C,27.3 °C,24 °C,25.6 °C,24.2 °C,22.2 °C,93%,85%,71%,10 kph,5 kph,16 kph,1008 hPa,1006 hPa,1004 hPa,20.3 mm
10,30.8 °C,27.4 °C,24.1 °C,25.6 °C,23.8 °C,22.2 °C,93%,84%,70%,10 kph,5 kph,18 kph,1009 hPa,1007 hPa,1005 hPa,2.8 mm
11,30.6 °C,27.3 °C,24.1 °C,26.1 °C,24.3 °C,22.2 °C,91%,85%,75%,8 kph,5 kph,16 kph,1008 hPa,1007 hPa,1005 hPa,0.3 mm
12,30.3 °C,27.3 °C,24.3 °C,26.1 °C,24.2 °C,22.8 °C,92%,88%,78%,11 kph,4 kph,19 kph,1009 hPa,1007 hPa,1006 hPa,24.1 mm
13,29.7 °C,27 °C,24.3 °C,26.1 °C,24.1 °C,22.8 °C,93%,89%,80%,11 kph,4 kph,19 kph,1009 hPa,1008 hPa,1006 hPa,1.5 mm
14,29.1 °C,26.6 °C,24.2 °C,25.6 °C,24 °C,22.8 °C,92%,88%,80%,8 kph,4 kph,18 kph,1010 hPa,1009 hPa,1007 hPa,0 mm
15,29.6 °C,26.7 °C,23.8 °C,25.6 °C,23.8 °C,22.2 °C,92%,87%,75%,8 kph,3 kph,16 kph,1011 hPa,1009 hPa,1008 hPa,0 mm
16,30.9 °C,27.3 °C,23.7 °C,25.6 °C,23.4 °C,21.7 °C,91%,83%,72%,11 kph,5 kph,23 kph,1011 hPa,1009 hPa,1007 hPa,0 mm
17,30.2 °C,26.9 °C,23.7 °C,24.4 °C,22.9 °C,21.7 °C,91%,82%,66%,11 kph,4 kph,19 kph,1011 hPa,1010 hPa,1008 hPa,0 mm
18,31.4 °C,27.4 °C,23.6 °C,25.6 °C,23.2 °C,21.7 °C,90%,84%,68%,10 kph,4 kph,18 kph,1012 hPa,1010 hPa,1008 hPa,0.3 mm
19,30.9 °C,27 °C,23.1 °C,25.6 °C,23.3 °C,21.1 °C,91%,85%,71%,8 kph,4 kph,16 kph,1011 hPa,1009 hPa,1007 hPa,0 mm
20,31.1 °C,26.8 °C,22.6 °C,23.9 °C,22.4 °C,20.6 °C,91%,80%,62%,14 kph,6 kph,21 kph,1011 hPa,1009 hPa,1007 hPa,0 mm
21,31.3 °C,27.1 °C,22.8 °C,25.6 °C,22.9 °C,20.6 °C,90%,82%,65%,13 kph,6 kph,19 kph,1011 hPa,1009 hPa,1007 hPa,0 mm
22,31.9 °C,27.1 °C,22.2 °C,23.9 °C,22.4 °C,20 °C,91%,78%,61%,11 kph,5 kph,18 kph,1010 hPa,1008 hPa,1006 hPa,0 mm
23,31.7 °C,27.5 °C,23.3 °C,24.4 °C,22.6 °C,20.6 °C,91%,79%,58%,11 kph,5 kph,21 kph,1009 hPa,1007 hPa,1005 hPa,0 mm
24,30.8 °C,26.4 °C,22.1 °C,24.4 °C,22.4 °C,20 °C,90%,79%,64%,11 kph,6 kph,19 kph,1009 hPa,1007 hPa,1005 hPa,0 mm
25,31.7 °C,27.6 °C,23.4 °C,25 °C,22.7 °C,21.1 °C,91%,76%,62%,18 kph,6 kph,32 kph,1008 hPa,1006 hPa,1004 hPa,0 mm
26,28.2 °C,25.7 °C,23.2 °C,23.9 °C,22.4 °C,21.1 °C,94%,88%,72%,45 kph,15 kph,72 kph,1008 hPa,1004 hPa,1001 hPa,75.9 mm
27,29.6 °C,26 °C,22.3 °C,25 °C,22.7 °C,20.6 °C,92%,83%,72%,11 kph,6 kph,18 kph,1009 hPa,1007 hPa,1005 hPa,0 mm
28,30.1 °C,26.7 °C,23.3 °C,26.1 °C,23.9 °C,21.7 °C,91%,87%,77%,10 kph,5 kph,18 kph,1010 hPa,1008 hPa,1007 hPa,0 mm
29,31.5 °C,27.7 °C,24.2 °C,26.1 °C,24.2 °C,22.2 °C,91%,85%,72%,11 kph,5 kph,19 kph,1011 hPa,1009 hPa,1007 hPa,1.3 mm
30,32.3 °C,28.2 °C,24.1 °C,25 °C,23.2 °C,22.2 °C,90%,79%,57%,10 kph,5 kph,19 kph,1012 hPa,1010 hPa,1009 hPa,0 mm
31,29.4 °C,26.3 °C,23.2 °C,25 °C,23 °C,21.1 °C,90%,85%,76%,11 kph,4 kph,18 kph,1012 hPa,1010 hPa,1008 hPa,0.5 mm
2017,Temperature,,,Dew Point,,,Humidity,,,Speed,,,Pressure,,,Precip. Accum.
Jan,High,Avg,Low,High,Avg,Low,High,Avg,Low,High,Avg,Gust,High,Avg,Low,Sum
1,30.4 °C,26.7 °C,22.9 °C,25.6 °C,22.9 °C,21.1 °C,91 %,83 %,71 %,11 kph,5 kph,18 kph,1011 hPa,1009 hPa,1007 hPa,0.3 mm
2,30.3 °C,26.2 °C,22.1 °C,24.4 °C,22.1 °C,20 °C,91 %,81 %,67 %,8 kph,4 kph,14 kph,1011 hPa,1009 hPa,1007 hPa,0 mm
3,31.6 °C,27.3 °C,22.9 °C,24.4 °C,22.3 °C,21.1 °C,91 %,79 %,61 %,13 kph,5 kph,23 kph,1010 hPa,1008 hPa,1007 hPa,0 mm
4,30.4 °C,26.3 °C,22.3 °C,25 °C,22.9 °C,20.6 °C,91 %,83 %,68 %,14 kph,5 kph,21 kph,1009 hPa,1008 hPa,1007 hPa,0.5 mm
5,29.8 °C,26.8 °C,23.8 °C,25.6 °C,23.4 °C,21.7 °C,92 %,89 %,79 %,10 kph,4 kph,24 kph,1010 hPa,1008 hPa,1006 hPa,0.5 mm
6,29.7 °C,25.4 °C,21.1 °C,24.4 °C,21 °C,18.9 °C,91 %,81 %,57 %,11 kph,5 kph,18 kph,1010 hPa,1008 hPa,1006 hPa,0 mm
7,30.8 °C,25.2 °C,19.5 °C,23.3 °C,20.3 °C,17.8 °C,90 %,80 %,59 %,10 kph,6 kph,18 kph,1010 hPa,1007 hPa,1004 hPa,0 mm
8,30.2 °C,25.1 °C,20.1 °C,23.9 °C,20.4 °C,17.8 °C,90 %,79 %,58 %,10 kph,4 kph,14 kph,1009 hPa,1007 hPa,1005 hPa,0 mm
9,28.6 °C,24.7 °C,20.8 °C,23.3 °C,21.1 °C,18.9 °C,91 %,84 %,65 %,8 kph,4 kph,14 kph,1009 hPa,1007 hPa,1005 hPa,0 mm
10,30.3 °C,26.8 °C,23.4 °C,25 °C,23.1 °C,21.7 °C,91 %,86 %,70 %,10 kph,4 kph,18 kph,1008 hPa,1007 hPa,1005 hPa,6.6 mm
11,28.4 °C,26.2 °C,23.8 °C,25.6 °C,23.2 °C,22.2 °C,92 %,90 %,85 %,8 kph,3 kph,13 kph,1009 hPa,1007 hPa,1005 hPa,12.7 mm
12,29.6 °C,26.3 °C,23.1 °C,25 °C,23.2 °C,21.1 °C,91 %,85 %,74 %,14 kph,6 kph,21 kph,1009 hPa,1007 hPa,1006 hPa,0 mm
13,31.1 °C,26.7 °C,22.3 °C,24.4 °C,22.8 °C,20.6 °C,91 %,82 %,60 %,11 kph,4 kph,18 kph,1009 hPa,1007 hPa,1006 hPa,0 mm
14,30.2 °C,26.8 °C,23.5 °C,24.4 °C,22.6 °C,21.7 °C,90 %,83 %,63 %,6 kph,4 kph,14 kph,1010 hPa,1008 hPa,1007 hPa,0 mm
15,30.6 °C,26.7 °C,22.8 °C,23.9 °C,22.6 °C,20.6 °C,90 %,83 %,61 %,10 kph,4 kph,16 kph,1010 hPa,1009 hPa,1007 hPa,0 mm
16,29.9 °C,26.3 °C,22.7 °C,25 °C,22.3 °C,20 °C,90 %,82 %,66 %,11 kph,4 kph,18 kph,1011 hPa,1009 hPa,1007 hPa,0 mm
17,31.5 °C,26.2 °C,20.8 °C,22.8 °C,20.8 °C,18.9 °C,89 %,72 %,54 %,13 kph,5 kph,19 kph,1013 hPa,1011 hPa,1008 hPa,0 mm
18,31 °C,25.9 °C,20.7 °C,23.3 °C,20.8 °C,18.9 °C,90 %,77 %,57 %,13 kph,4 kph,19 kph,1014 hPa,1012 hPa,1010 hPa,0 mm
19,30.7 °C,26.2 °C,21.6 °C,23.9 °C,21.8 °C,20 °C,91 %,81 %,64 %,14 kph,5 kph,23 kph,1014 hPa,1011 hPa,1009 hPa,0 mm
20,31.2 °C,26.3 °C,21.4 °C,22.8 °C,20.7 °C,19.4 °C,91 %,77 %,57 %,11 kph,5 kph,18 kph,1013 hPa,1011 hPa,1009 hPa,0 mm
21,31.7 °C,26.2 °C,20.7 °C,22.2 °C,20.1 °C,18.9 °C,90 %,74 %,53 %,13 kph,4 kph,23 kph,1014 hPa,1012 hPa,1010 hPa,0 mm
22,30.4 °C,26.2 °C,22 °C,24.4 °C,22 °C,19.4 °C,89 %,81 %,65 %,10 kph,4 kph,16 kph,1014 hPa,1012 hPa,1011 hPa,0 mm
23,31.6 °C,27.1 °C,22.5 °C,24.4 °C,22.5 °C,20.6 °C,91 %,82 %,61 %,16 kph,7 kph,31 kph,1014 hPa,1012 hPa,1010 hPa,0 mm
24,30.2 °C,26.1 °C,21.8 °C,23.3 °C,21.9 °C,20 °C,91 %,80 %,64 %,16 kph,7 kph,24 kph,1015 hPa,1013 hPa,1011 hPa,0 mm
25,30.1 °C,25.8 °C,21.6 °C,22.8 °C,21.2 °C,19.4 °C,91 %,79 %,62 %,14 kph,5 kph,23 kph,1014 hPa,1013 hPa,1011 hPa,0 mm
26,29.9 °C,25.5 °C,21.1 °C,22.8 °C,20.7 °C,18.9 °C,90 %,78 %,58 %,11 kph,5 kph,19 kph,1014 hPa,1012 hPa,1010 hPa,0 mm
27,29.5 °C,25.8 °C,22.2 °C,22.8 °C,21.2 °C,20 °C,91 %,81 %,64 %,10 kph,4 kph,16 kph,1012 hPa,1011 hPa,1009 hPa,0 mm
28,30.3 °C,25.3 °C,20.4 °C,23.3 °C,21.2 °C,18.3 °C,91 %,81 %,59 %,13 kph,5 kph,19 kph,1011 hPa,1009 hPa,1008 hPa,0 mm
29,30.1 °C,25.9 °C,21.7 °C,24.4 °C,22.3 °C,20 °C,91 %,84 %,69 %,8 kph,4 kph,13 kph,1011 hPa,1009 hPa,1008 hPa,0 mm
30,29.7 °C,26.7 °C,23.7 °C,25 °C,23.2 °C,21.7 °C,92 %,88 %,76 %,6 kph,3 kph,13 kph,1010 hPa,1009 hPa,1007 hPa,2 mm
31,30.7 °C,26.9 °C,23.2 °C,26.1 °C,23.8 °C,21.7 °C,92 %,86 %,74 %,14 kph,5 kph,21 kph,1010 hPa,1008 hPa,1006 hPa,5.8 mm
2017,Temperature,,,Dew Point,,,Humidity,,,Speed,,,Pressure,,,Precip. Accum.
Feb,High,Avg,Low,High,Avg,Low,High,Avg,Low,High,Avg,Gust,High,Avg,Low,Sum
1,30.1 °C,27.2 °C,24.3 °C,26.1 °C,24.2 °C,22.8 °C,92 %,87 %,76 %,14 kph,5 kph,19 kph,1011 hPa,1009 hPa,1007 hPa,0 mm
2,30.3 °C,27.1 °C,23.9 °C,25 °C,23.7 °C,22.2 °C,92 %,86 %,70 %,13 kph,5 kph,18 kph,1011 hPa,1009 hPa,1008 hPa,0.3 mm
3,29.9 °C,26.3 °C,22.6 °C,23.9 °C,22.5 °C,21.1 °C,92 %,84 %,67 %,11 kph,5 kph,19 kph,1011 hPa,1009 hPa,1007 hPa,0 mm
4,30.6 °C,26.2 °C,21.9 °C,23.3 °C,21.5 °C,20 °C,92 %,80 %,63 %,11 kph,5 kph,19 kph,1010 hPa,1008 hPa,1005 hPa,0 mm
5,29.4 °C,24.9 °C,20.4 °C,23.9 °C,21.3 °C,18.9 °C,91 %,82 %,61 %,11 kph,5 kph,18 kph,1008 hPa,1006 hPa,1004 hPa,0 mm
6,30.6 °C,26.2 °C,21.7 °C,23.9 °C,21.6 °C,20 °C,91 %,79 %,59 %,14 kph,5 kph,23 kph,1008 hPa,1006 hPa,1005 hPa,0 mm
7,30.7 °C,26.1 °C,21.4 °C,23.3 °C,21 °C,18.9 °C,90 %,78 %,58 %,13 kph,4 kph,19 kph,1009 hPa,1008 hPa,1006 hPa,0 mm
8,30.9 °C,25.7 °C,20.5 °C,23.3 °C,21 °C,18.9 °C,91 %,79 %,59 %,16 kph,6 kph,24 kph,1010 hPa,1008 hPa,1006 hPa,0 mm
9,31.4 °C,26.1 °C,20.8 °C,22.8 °C,20.9 °C,18.9 °C,90 %,80 %,58 %,14 kph,5 kph,21 kph,1010 hPa,1008 hPa,1005 hPa,0 mm
10,31.6 °C,26.4 °C,21.2 °C,22.2 °C,20.4 °C,19.4 °C,92 %,77 %,56 %,13 kph,4 kph,19 kph,1011 hPa,1009 hPa,1007 hPa,0 mm
11,30.1 °C,25 °C,19.9 °C,21.7 °C,19.8 °C,18.3 °C,91 %,78 %,58 %,13 kph,5 kph,23 kph,1015 hPa,1013 hPa,1010 hPa,0 mm
12,30.9 °C,25.3 °C,19.8 °C,20.6 °C,18.7 °C,17.8 °C,90 %,73 %,50 %,13 kph,5 kph,26 kph,1016 hPa,1014 hPa,1011 hPa,0 mm
13,29.2 °C,23.9 °C,18.7 °C,20 °C,18 °C,16.7 °C,91 %,74 %,55 %,14 kph,5 kph,23 kph,1018 hPa,1016 hPa,1014 hPa,0 mm
14,29 °C,23.5 °C,18.1 °C,18.9 °C,17.3 °C,16.1 °C,90 %,71 %,47 %,14 kph,6 kph,23 kph,1018 hPa,1016 hPa,1015 hPa,0 mm
15,30.6 °C,24.6 °C,18.7 °C,20 °C,18.2 °C,16.7 °C,91 %,72 %,50 %,11 kph,5 kph,26 kph,1017 hPa,1014 hPa,1011 hPa,0 mm
16,30.3 °C,24.6 °C,18.8 °C,21.7 °C,19.3 °C,17.2 °C,91 %,77 %,57 %,13 kph,4 kph,19 kph,1014 hPa,1013 hPa,1011 hPa,0 mm
17,31.7 °C,26.2 °C,20.7 °C,23.3 °C,21.1 °C,18.3 °C,90 %,78 %,57 %,11 kph,4 kph,19 kph,1014 hPa,1012 hPa,1010 hPa,0 mm
18,29.8 °C,25.9 °C,22.1 °C,24.4 °C,22.4 °C,20.6 °C,91 %,84 %,70 %,14 kph,5 kph,21 kph,1014 hPa,1012 hPa,1010 hPa,0 mm
19,29.8 °C,26.1 °C,22.4 °C,25 °C,23.1 °C,20.6 °C,92 %,84 %,72 %,14 kph,6 kph,23 kph,1013 hPa,1011 hPa,1008 hPa,0 mm
20,29.6 °C,25.9 °C,22.3 °C,24.4 °C,22.6 °C,20.6 °C,91 %,83 %,70 %,13 kph,7 kph,23 kph,1012 hPa,1010 hPa,1008 hPa,0 mm
21,32.3 °C,27.6 °C,22.8 °C,25 °C,22.7 °C,20 °C,91 %,81 %,51 %,14 kph,6 kph,34 kph,1013 hPa,1011 hPa,1008 hPa,0 mm
22,30.2 °C,26 °C,21.7 °C,24.4 °C,22.1 °C,20 °C,91 %,81 %,62 %,14 kph,7 kph,24 kph,1012 hPa,1010 hPa,1008 hPa,0 mm
23,30.6 °C,26.3 °C,22.2 °C,24.4 °C,22.6 °C,20.6 °C,92 %,81 %,66 %,14 kph,6 kph,19 kph,1012 hPa,1011 hPa,1009 hPa,0 mm
24,30.4 °C,27.2 °C,24.1 °C,25 °C,23.7 °C,22.2 °C,93 %,86 %,71 %,14 kph,5 kph,19 kph,1013 hPa,1011 hPa,1010 hPa,5.6 mm
25,29.8 °C,26.3 °C,22.8 °C,25.6 °C,23.6 °C,21.1 °C,93 %,85 %,72 %,13 kph,5 kph,18 kph,1012 hPa,1010 hPa,1008 hPa,0 mm
26,30.6 °C,26.7 °C,22.8 °C,25 °C,23.2 °C,21.1 °C,92 %,83 %,69 %,18 kph,6 kph,24 kph,1012 hPa,1010 hPa,1008 hPa,0 mm
27,31.3 °C,26.5 °C,21.7 °C,23.3 °C,21.6 °C,20 °C,92 %,79 %,56 %,16 kph,6 kph,23 kph,1011 hPa,1010 hPa,1009 hPa,0 mm
28,30.4 °C,25.3 °C,20.2 °C,23.3 °C,20.9 °C,18.3 °C,90 %,79 %,57 %,14 kph,6 kph,24 kph,1012 hPa,1009 hPa,1007 hPa,0 mm
2017,Temperature,,,Dew Point,,,Humidity,,,Speed,,,Pressure,,,Precip. Accum.
Mar,High,Avg,Low,High,Avg,Low,High,Avg,Low,High,Avg,Gust,High,Avg,Low,Sum
1,30.7 °C,26 °C,21.4 °C,24.4 °C,22.4 °C,19.4 °C,91 %,83 %,65 %,18 kph,6 kph,24 kph,1011 hPa,1010 hPa,1008 hPa,0 mm
2,30.2 °C,26.3 °C,22.5 °C,23.9 °C,22.2 °C,20.6 °C,92 %,82 %,66 %,13 kph,5 kph,18 kph,1010 hPa,1008 hPa,1006 hPa,0 mm
3,30.3 °C,25.4 °C,20.7 °C,23.9 °C,21.7 °C,18.9 °C,92 %,81 %,63 %,18 kph,5 kph,26 kph,1010 hPa,1008 hPa,1005 hPa,0 mm
4,29.9 °C,26.3 °C,22.7 °C,24.4 °C,22.7 °C,21.1 °C,92 %,84 %,65 %,13 kph,6 kph,21 kph,1009 hPa,1008 hPa,1007 hPa,2.8 mm
5,29.6 °C,25.2 °C,20.9 °C,23.9 °C,21.5 °C,18.9 °C,92 %,82 %,66 %,14 kph,8 kph,23 kph,1010 hPa,1008 hPa,1006 hPa,0 mm
6,29.7 °C,24.9 °C,20.1 °C,23.3 °C,20.9 °C,18.3 °C,91 %,80 %,60 %,16 kph,7 kph,23 kph,1010 hPa,1008 hPa,1007 hPa,0 mm
7,31.4 °C,25.5 °C,19.6 °C,22.8 °C,19.9 °C,17.2 °C,89 %,75 %,52 %,14 kph,6 kph,23 kph,1010 hPa,1008 hPa,1005 hPa,0 mm
8,31.2 °C,25.7 °C,20.2 °C,23.9 °C,20.8 °C,17.8 °C,89 %,77 %,56 %,16 kph,6 kph,24 kph,1010 hPa,1008 hPa,1006 hPa,0 mm
9,31.4 °C,26 °C,20.6 °C,23.3 °C,20.8 °C,18.3 °C,90 %,77 %,54 %,13 kph,5 kph,23 kph,1011 hPa,1008 hPa,1006 hPa,0 mm
10,30.2 °C,25.3 °C,20.4 °C,23.9 °C,20.8 °C,18.3 °C,90 %,79 %,60 %,13 kph,5 kph,21 kph,1010 hPa,1009 hPa,1007 hPa,0 mm
11,29.9 °C,25.5 °C,21.1 °C,24.4 °C,21.8 °C,18.9 °C,90 %,80 %,64 %,11 kph,5 kph,19 kph,1011 hPa,1009 hPa,1007 hPa,0 mm
12,30.1 °C,26.1 °C,22 °C,25 °C,22.6 °C,20 °C,90 %,82 %,72 %,13 kph,5 kph,19 kph,1011 hPa,1009 hPa,1007 hPa,0 mm
13,30 °C,26.7 °C,23.4 °C,25 °C,23.1 °C,21.1 °C,91 %,84 %,72 %,13 kph,5 kph,21 kph,1011 hPa,1009 hPa,1007 hPa,5.8 mm
14,29.7 °C,26.8 °C,23.9 °C,26.7 °C,24.5 °C,22.2 °C,92 %,89 %,83 %,13 kph,5 kph,19 kph,1012 hPa,1010 hPa,1008 hPa,1 mm
15,28.2 °C,26.1 °C,23.9 °C,26.1 °C,23.8 °C,22.2 °C,93 %,91 %,88 %,13 kph,2 kph,21 kph,1011 hPa,1010 hPa,1008 hPa,5.3 mm
16,29.3 °C,25.7 °C,22.1 °C,25.6 °C,23.3 °C,20.6 °C,92 %,88 %,79 %,13 kph,4 kph,21 kph,1011 hPa,1010 hPa,1008 hPa,0 mm
17,29.9 °C,25.6 °C,21.2 °C,24.4 °C,22 °C,19.4 °C,91 %,82 %,68 %,13 kph,4 kph,19 kph,1012 hPa,1010 hPa,1008 hPa,0 mm
18,32.2 °C,26.2 °C,20.3 °C,23.9 °C,21 °C,18.3 °C,90 %,78 %,55 %,18 kph,4 kph,26 kph,1014 hPa,1012 hPa,1010 hPa,0 mm
19,30.4 °C,25.8 °C,21.1 °C,23.9 °C,21.2 °C,18.9 °C,90 %,79 %,65 %,14 kph,5 kph,23 kph,1013 hPa,1012 hPa,1010 hPa,0 mm
20,29.4 °C,24.9 °C,20.3 °C,23.9 °C,21.6 °C,18.3 °C,90 %,81 %,68 %,13 kph,5 kph,23 kph,1012 hPa,1010 hPa,1008 hPa,0 mm
21,30.4 °C,26.8 °C,23.1 °C,24.4 °C,22.4 °C,20.6 °C,91 %,84 %,71 %,13 kph,3 kph,21 kph,1011 hPa,1010 hPa,1008 hPa,1 mm
22,30.1 °C,26.4 °C,22.8 °C,26.1 °C,23.6 °C,21.1 °C,92 %,86 %,76 %,10 kph,5 kph,21 kph,1012 hPa,1010 hPa,1008 hPa,0.3 mm
23,30.3 °C,26.8 °C,23.2 °C,25.6 °C,23.7 °C,21.1 °C,90 %,84 %,77 %,11 kph,5 kph,23 kph,1012 hPa,1010 hPa,1008 hPa,0 mm
24,30.7 °C,26.3 °C,21.9 °C,25.6 °C,22.9 °C,19.4 °C,89 %,81 %,69 %,13 kph,6 kph,23 kph,1012 hPa,1011 hPa,1009 hPa,0 mm
25,30.5 °C,26.1 °C,21.7 °C,25.6 °C,22.6 °C,18.9 °C,88 %,80 %,65 %,13 kph,6 kph,19 kph,1013 hPa,1011 hPa,1009 hPa,0 mm
26,30.7 °C,26.7 °C,22.7 °C,25.6 °C,23.4 °C,20.6 °C,89 %,82 %,74 %,13 kph,6 kph,21 kph,1014 hPa,1012 hPa,1010 hPa,0 mm
27,31.8 °C,27.4 °C,23.1 °C,25.6 °C,23.2 °C,21.1 °C,90 %,80 %,67 %,13 kph,5 kph,19 kph,1014 hPa,1012 hPa,1010 hPa,0 mm
28,31.5 °C,27.1 °C,22.7 °C,25 °C,23.2 °C,20.6 °C,89 %,78 %,66 %,14 kph,5 kph,26 kph,1013 hPa,1011 hPa,1009 hPa,0 mm
29,30.9 °C,27 °C,23.1 °C,25 °C,23.2 °C,21.1 °C,89 %,82 %,69 %,13 kph,4 kph,21 kph,1013 hPa,1012 hPa,1010 hPa,0 mm
30,31.7 °C,27.4 °C,23.1 °C,25.6 °C,23.1 °C,21.1 °C,90 %,80 %,64 %,13 kph,5 kph,23 kph,1014 hPa,1012 hPa,1010 hPa,0 mm
31,30.3 °C,26.1 °C,21.8 °C,25.6 °C,22.6 °C,19.4 °C,89 %,82 %,67 %,14 kph,6 kph,24 kph,1012 hPa,1011 hPa,1010 hPa,0 mm
2017,Temperature,,,Dew Point,,,Humidity,,,Speed,,,Pressure,,,Precip. Accum.
Apr,High,Avg,Low,High,Avg,Low,High,Avg,Low,High,Avg,Gust,High,Avg,Low,Sum
1,29.9 °C,26 °C,22 °C,24.4 °C,22.9 °C,20 °C,90 %,83 %,73 %,10 kph,5 kph,18 kph,1012 hPa,1010 hPa,1008 hPa,0 mm
2,31.1 °C,27.3 °C,23.7 °C,26.1 °C,23.3 °C,21.7 °C,90 %,80 %,66 %,14 kph,4 kph,21 kph,1012 hPa,1010 hPa,1009 hPa,0 mm
3,31.8 °C,27.3 °C,22.9 °C,23.9 °C,21.5 °C,18.9 °C,89 %,74 %,58 %,10 kph,3 kph,19 kph,1013 hPa,1011 hPa,1009 hPa,0 mm
4,31.7 °C,26.3 °C,20.9 °C,23.9 °C,20.8 °C,18.9 °C,89 %,74 %,58 %,13 kph,4 kph,21 kph,1012 hPa,1011 hPa,1009 hPa,0 mm
5,30.5 °C,25.7 °C,20.8 °C,24.4 °C,21.4 °C,18.3 °C,88 %,78 %,67 %,13 kph,4 kph,21 kph,1011 hPa,1010 hPa,1008 hPa,0 mm
6,31.1 °C,26.2 °C,21.2 °C,25 °C,22.2 °C,18.9 °C,88 %,79 %,65 %,14 kph,5 kph,26 kph,1011 hPa,1009 hPa,1007 hPa,0 mm
7,31.4 °C,26.9 °C,22.4 °C,25 °C,22.7 °C,20 °C,89 %,79 %,67 %,11 kph,4 kph,23 kph,1011 hPa,1009 hPa,1007 hPa,0 mm
8,30.9 °C,27.3 °C,23.6 °C,26.7 °C,24.4 °C,21.1 °C,89 %,84 %,78 %,11 kph,5 kph,21 kph,1011 hPa,1010 hPa,1008 hPa,0 mm
9,30.7 °C,27.6 °C,24.4 °C,27.2 °C,24.3 °C,22.2 °C,90 %,87 %,81 %,11 kph,6 kph,21 kph,1010 hPa,1009 hPa,1008 hPa,2.3 mm
10,30.6 °C,26.5 °C,22.4 °C,26.1 °C,23.4 °C,20.6 °C,91 %,84 %,75 %,11 kph,7 kph,19 kph,1010 hPa,1009 hPa,1007 hPa,0 mm
11,30.6 °C,26.7 °C,22.8 °C,26.1 °C,23.8 °C,21.1 °C,90 %,84 %,76 %,13 kph,6 kph,21 kph,1011 hPa,1009 hPa,1007 hPa,0 mm
12,31.1 °C,26.8 °C,22.6 °C,26.1 °C,23.6 °C,20.6 °C,90 %,81 %,73 %,11 kph,6 kph,19 kph,1011 hPa,1009 hPa,1007 hPa,0 mm
13,32.2 °C,27.6 °C,22.9 °C,26.1 °C,23.2 °C,20.6 °C,88 %,79 %,66 %,13 kph,6 kph,19 kph,1012 hPa,1010 hPa,1008 hPa,0 mm
14,32.6 °C,27.4 °C,22.2 °C,25 °C,22.4 °C,20 °C,89 %,76 %,59 %,13 kph,5 kph,21 kph,1011 hPa,1009 hPa,1008 hPa,0 mm
15,32.6 °C,27.3 °C,22 °C,24.4 °C,22.3 °C,19.4 °C,89 %,76 %,53 %,13 kph,4 kph,23 kph,1010 hPa,1008 hPa,1007 hPa,0 mm
16,31 °C,27.6 °C,24.1 °C,26.1 °C,23.6 °C,21.7 °C,91 %,85 %,70 %,10 kph,3 kph,21 kph,1010 hPa,1008 hPa,1006 hPa,18.5 mm
17,31.4 °C,27.6 °C,23.7 °C,27.2 °C,24 °C,21.7 °C,91 %,86 %,75 %,13 kph,5 kph,24 kph,1011 hPa,1009 hPa,1008 hPa,0 mm
18,31.3 °C,27.5 °C,23.7 °C,26.1 °C,24.2 °C,21.7 °C,90 %,84 %,75 %,11 kph,5 kph,19 kph,1011 hPa,1010 hPa,1008 hPa,0 mm
19,31.5 °C,27.6 °C,23.6 °C,26.1 °C,24.3 °C,21.7 °C,90 %,82 %,73 %,11 kph,5 kph,19 kph,1012 hPa,1010 hPa,1008 hPa,0 mm
20,31.7 °C,28.2 °C,24.7 °C,26.7 °C,24.9 °C,22.8 °C,90 %,83 %,75 %,11 kph,5 kph,19 kph,1012 hPa,1010 hPa,1007 hPa,0 mm
21,31.9 °C,28.1 °C,24.2 °C,26.7 °C,24.3 °C,21.7 °C,88 %,80 %,70 %,11 kph,5 kph,19 kph,1011 hPa,1009 hPa,1007 hPa,0 mm
22,31.9 °C,27.9 °C,23.8 °C,26.1 °C,24.4 °C,21.7 °C,88 %,80 %,71 %,11 kph,5 kph,21 kph,1011 hPa,1009 hPa,1007 hPa,0 mm
23,32.4 °C,28.7 °C,24.9 °C,27.2 °C,24.9 °C,22.8 °C,89 %,81 %,71 %,13 kph,6 kph,23 kph,1011 hPa,1009 hPa,1007 hPa,0 mm
24,32.2 °C,28.6 °C,24.9 °C,26.7 °C,24.3 °C,21.7 °C,90 %,84 %,74 %,13 kph,5 kph,23 kph,1011 hPa,1009 hPa,1008 hPa,22.1 mm
25,31.2 °C,27.4 °C,23.7 °C,26.7 °C,24.4 °C,21.7 °C,90 %,85 %,77 %,11 kph,5 kph,19 kph,1011 hPa,1010 hPa,1008 hPa,0 mm
26,31.4 °C,27.7 °C,23.8 °C,26.7 °C,24.6 °C,21.7 °C,89 %,83 %,75 %,13 kph,6 kph,19 kph,1010 hPa,1008 hPa,1006 hPa,0 mm
27,30.4 °C,27.3 °C,24.2 °C,26.1 °C,24 °C,21.7 °C,88 %,85 %,80 %,11 kph,6 kph,18 kph,1010 hPa,1009 hPa,1008 hPa,0 mm
